Minimal Requred,Component name,Unit Price,pcb qty,Order qty,PART / LCSC,Distributor,Link / Notes,Total Price
TRUE,Raspberry Pi Pico,€3.5900,1,1,RP2040 Pico,AliExpress,https://nl.aliexpress.com/item/1005009890247801.html?spm=a2g0o.cart.0.0.3bec61d7IeGl9Y&mp=1&pdp_npi=6%40dis%21EUR%21EUR%207.18%21EUR%203.59%21%21EUR%203.59%21%21%21%402103864c17732347784198025e2e18%2112000050491755796%21ct%21NL%214872523161%21%211%210%21&gatewayAdapt=glo2nld,€3.59
TRUE,Micro SD card socket,€0.1590,1,10,TF push-push 9pin,AliExpress,https://nl.aliexpress.com/item/1005001331379046.html?spm=a2g0o.cart.0.0.277261d7SrENPP&mp=1&pdp_npi=6%40dis%21EUR%21EUR%201.58%21EUR%201.54%21%21EUR%201.54%21%21%21%40211b61bb17728300126134417e98b5%2112000015723175697%21ct%21NL%214872523161%21%211%210%21&gatewayAdapt=glo2nld,€1.59
FALSE,JST-SM 3-PIN Header Female,€0.0164,20,50,PSB Connector,AliExpress,https://nl.aliexpress.com/item/1005009483624961.html?spm=a2g0o.cart.0.0.277261d7SrENPP&mp=1&pdp_npi=6%40dis%21EUR%21EUR%200.90%21EUR%200.88%21%21EUR%200.88%21%21%21%40211b61bb17728300126134417e98b5%2112000049242880347%21ct%21NL%214872523161%21%212%210%21&gatewayAdapt=glo2nld,€0.82
FALSE,JST-SM 3-PIN Header Male,€0.0299,20,100,PSB Connector,AliExpress,https://nl.aliexpress.com/item/1005005362711029.html?spm=a2g0o.cart.0.0.277261d7SrENPP&mp=1&pdp_npi=6%40dis%21EUR%21EUR%202.99%21EUR%202.99%21%21EUR%202.99%21%21%21%40211b61bb17728300126134417e98b5%2112000032745909182%21ct%21NL%214872523161%21%211%210%21&gatewayAdapt=glo2nld,€2.99
FALSE,JST-XH LED connector cabel,€0.1750,20,40,PSB Connector,AliExpress,https://nl.aliexpress.com/item/1005009696690444.html?aff_fcid=ab017f0a917b4ad7b0b7a8264d1facdc-1772898515790-01922-_c3AOCbrh&aff_fsk=_c3AOCbrh&aff_platform=api-new-link-generate&sk=_c3AOCbrh&aff_trace_key=ab017f0a917b4ad7b0b7a8264d1facdc-1772898515790-01922-_c3AOCbrh&terminal_id=904137c35a1845989e58c82fc9e763b3&afSmartRedirect=y,€7.00
TRUE,SN74HCT245N,€0.7202,1,5,C133640,LCSC,https://www.lcsc.com/product-detail/C133640.html,€3.60
TRUE,220Ω resistor 0805,€0.0021,8,300,C17557,LCSC,https://www.lcsc.com/product-detail/C17557.html,€0.63
FALSE,10kΩ resistor 0805,€0.0020,2,200,C84376,LCSC,https://www.lcsc.com/product-detail/C84376.html,€0.40
FALSE,100nF Capacitor 0805,€0.0045,2,200,C49678,LCSC,https://www.lcsc.com/product-detail/C49678.html,€0.90
FALSE,4.7uF Capacitor 1206,€0.0339,1,50,C51205,LCSC,https://www.lcsc.com/product-detail/C51205.html,€1.70
TRUE,1000uF Capacitor,€0.0843,1,10,C51205,LCSC,https://www.lcsc.com/product-detail/C72470.html,€0.84
FALSE,Pin header for Pico and Sync pins,€0.1273,5,15,2×20 pin header,LCSC,https://www.lcsc.com/product-detail/C2337.html,€1.91
FALSE,,,,,,,,€0.00
FALSE,WS2812B 16×16 LED panel,€4.0900,25,25,WS2812B 16×16 LED panel,Alibaba,https://dutch.alibaba.com/product-detail/WS2812B-RGB-Flexible-16x16-8x32-256Leds-1601298120275.html?spm=a2700.7724857.0.0.37912356G5ErL0,€102.25
FALSE,WS2812B 5050 RGBIC LED-strip,€5.3900,3,3,5M 60 IP30,AliExpress,https://nl.aliexpress.com/item/1005009321343937.html?spm=a2g0o.cart.0.0.63c761d7Y3yk3k&mp=1&pdp_npi=6%40dis%21EUR%21EUR%2011.83%21EUR%205.39%21%21EUR%205.39%21%21%21%402103956b17747766095947837e22d1%2112000048743060298%21ct%21NL%214872523161%21%213%210%21&gatewayAdapt=glo2nld,€16.17
TRUE,5V 30A PSU,€19.9900,2,2,5V 30A PSU,Amazon,https://www.amazon.nl/-/en/Adapter-Universal-Transformer-Computer-Surveillance/dp/B07PRY73TN/ref=sr_1_2?crid=3G12GY3AMDYFX&dib=eyJ2IjoiMSJ9.GGLPdBMmtgas9tLmkidIhMgK1wABzzGxMjSw6HfJLptF28G971i87hrGFQZb82bhn_PZWh0cXOKQSO2bA0qeHD9ONIlO5hOa4RYynFymPf5X-6aN_kpA2z7Bfk7xbLgtYw3ZG85S32PSDKowqOz1g_wP0VOv0nCJbjXwWq2pGEwIbXDgrT0I-3rNssGgZdDRWsUs6_hwe--tY3UAb7-XhgLQy0n0H-7sqSQHiuql9sZIc6NdDbR9eu21ph8KYVJsQ4hUPo0NOO5MN17_FGTtQM2NYHWg5qJCwc4waC3QGBw.GK50MAkplBmgr0mNeBmSa0HTPpoQFE7G-70GxmdY4PM&dib_tag=se&keywords=30v%2B5a%2Bpsu&qid=1773234227&sprefix=%2Caps%2C127&sr=8-2&th=1,€39.98
FALSE,,,,,,AliExpress,,€0.00
FALSE,16AWG power wire,€8.9900,5–10m,1,Routing to Panels,AliExpress,https://nl.aliexpress.com/item/1005008563402600.html?spm=a2g0o.productlist.main.1.3059MF2IMF2I5p&algo_pvid=2fc87953-a2ce-42db-861e-5e6e61cea6c8&algo_exp_id=2fc87953-a2ce-42db-861e-5e6e61cea6c8-0&pdp_ext_f=%7B%22order%22%3A%223316%22%2C%22spu_best_type%22%3A%22price%22%2C%22eval%22%3A%221%22%2C%22fromPage%22%3A%22search%22%7D&pdp_npi=6%40dis%21EUR%218.93%218.69%21%21%2169.98%2168.10%21%402103849717728312067008993ebce9%2112000045750764549%21sea%21NL%214872523161%21X%211%210%21n_tag%3A-29912%3Bd%3A2fd2c7a1%3Bm03_new_user%3A-29895&curPageLogUid=UtoHJnuT4ywC&utparam-url=scene%3Asearch%7Cquery_from%3A%7Cx_object_id%3A1005008563402600%7C_p_origin_prod%3A,€8.99